{
    "exportFps": 60,
    "trackPath": "C:\\Users\\Shadow\\Documents\\Audacity\\EN ElevenLabs_2024-07-29T09_26_28_Charlie_pre_s50_sb75_se0_b_m2.wav",
    "CoreNodeName": "/World/audio2face/CoreFullface",
    "numFrames": 800,
    "numEmotions": 10,
    "emotionNames": [
        "amazement",
        "anger",
        "cheekiness",
        "disgust",
        "fear",
        "grief",
        "joy",
        "outofbreath",
        "pain",
        "sadness"
    ],
    "emotionFrames": [
        0.0,
        59.0,
        119.0,
        180.0,
        239.0,
        300.0,
        360.0,
        420.0,
        479.0,
        540.0,
        600.0,
        659.0,
        720.0,
        780.0
    ],
    "emotionKeys": [
        [
            0.0,
            0.11034467816352844,
            0.0,
            0.0257581677287817,
            0.030969586223363876,
            0.0,
            0.23362310230731964,
            0.0,
            0.0,
            0.03847115486860275
        ],
        [
            0.0,
            0.20046716928482056,
            0.0,
            0.0019023080822080374,
            0.038785602897405624,
            0.0,
            0.23732130229473114,
            0.0,
            0.0,
            0.0011404079850763083
        ],
        [
            0.0,
            0.07536549866199493,
            0.0,
            0.001498861820437014,
            0.06514056771993637,
            0.0,
            0.19090008735656738,
            0.0,
            0.0,
            0.008116723969578743
        ],
        [
            0.0,
            0.0724417045712471,
            0.0,
            0.0016463209176436067,
            0.0025434584822505713,
            0.0,
            0.18478021025657654,
            0.0,
            0.0,
            0.002272060140967369
        ],
        [
            0.0,
            0.07161901146173477,
            0.0,
            0.000816302141174674,
            0.013822007924318314,
            0.0,
            0.40756461024284363,
            0.0,
            0.0,
            0.0010136725613847375
        ],
        [
            0.0,
            0.07303184270858765,
            0.0,
            0.0017333647701889277,
            0.0021696314215660095,
            0.0,
            0.4143882691860199,
            0.0,
            0.0,
            0.0009205606183968484
        ],
        [
            0.0,
            0.0729367583990097,
            0.0,
            0.0009652787703089416,
            0.0022142822854220867,
            0.0,
            0.18716615438461304,
            0.0,
            0.0,
            0.0014375507598742843
        ],
        [
            0.0,
            0.07243866473436356,
            0.0,
            0.0010642557172104716,
            0.22306348383426666,
            0.0,
            0.18985196948051453,
            0.0,
            0.0,
            0.0028286180458962917
        ],
        [
            0.0,
            0.07346200942993164,
            0.0,
            0.001029232400469482,
            0.003737448947504163,
            0.0,
            0.4129638671875,
            0.0,
            0.0,
            0.0008388108690269291
        ],
        [
            0.0,
            0.0710156112909317,
            0.0,
            0.0014582141302525997,
            0.029163304716348648,
            0.0,
            0.3952248692512512,
            0.0,
            0.0,
            0.0005551609792746603
        ],
        [
            0.0,
            0.07540823519229889,
            0.0,
            0.0010251817293465137,
            0.001963455229997635,
            0.0,
            0.410664826631546,
            0.0,
            0.0,
            0.001024391152895987
        ],
        [
            0.0,
            0.28771936893463135,
            0.0,
            0.0008457085932604969,
            0.003955667372792959,
            0.0,
            0.19294555485248566,
            0.0,
            0.0,
            0.0006847477052360773
        ],
        [
            0.0,
            0.07090537250041962,
            0.0,
            0.0003800518752541393,
            0.0015315059572458267,
            0.0,
            0.18267180025577545,
            0.0,
            0.0,
            0.08205100148916245
        ],
        [
            0.0,
            0.09759395569562912,
            0.0,
            0.031005224213004112,
            0.0331149660050869,
            0.0,
            0.25092557072639465,
            0.0,
            0.0,
            0.03264699503779411
        ]
    ]
}